"hospital","ward","wardid","nurse","age","sex","experience","stress","wardtype","hospsize","treatment"
1,1,11,1,36,"Male",11,7,"general care","large","Training"
1,1,11,2,45,"Male",20,7,"general care","large","Training"
1,1,11,3,32,"Male",7,7,"general care","large","Training"
1,1,11,4,57,"Female",25,6,"general care","large","Training"
1,1,11,5,46,"Female",22,6,"general care","large","Training"
1,1,11,6,60,"Female",22,6,"general care","large","Training"
1,1,11,7,23,"Female",13,6,"general care","large","Training"
1,1,11,8,32,"Female",13,7,"general care","large","Training"
1,1,11,9,60,"Male",17,7,"general care","large","Training"
1,2,12,10,45,"Male",21,6,"special care","large","Training"
1,2,12,11,57,"Female",24,6,"special care","large","Training"
1,2,12,12,47,"Male",24,6,"special care","large","Training"
1,2,12,13,32,"Female",14,6,"special care","large","Training"
1,2,12,14,42,"Female",13,6,"special care","large","Training"
1,2,12,15,42,"Female",17,6,"special care","large","Training"
1,2,12,16,53,"Female",20,5,"special care","large","Training"
1,2,12,17,60,"Male",28,5,"special care","large","Training"
1,2,12,18,33,"Female",21,6,"special care","large","Training"
1,3,13,19,64,"Female",22,5,"general care","large","Ctrl"
1,3,13,20,37,"Male",17,5,"general care","large","Ctrl"
1,3,13,21,23,"Female",7,4,"general care","large","Ctrl"
1,3,13,22,61,"Female",20,4,"general care","large","Ctrl"
1,3,13,23,58,"Female",24,4,"general care","large","Ctrl"
1,3,13,24,52,"Female",20,4,"general care","large","Ctrl"
1,3,13,25,28,"Male",6,5,"general care","large","Ctrl"
1,3,13,26,52,"Female",17,5,"general care","large","Ctrl"
1,3,13,27,43,"Male",20,4,"general care","large","Ctrl"
1,4,14,28,64,"Male",32,4,"special care","large","Ctrl"
1,4,14,29,47,"Male",17,5,"special care","large","Ctrl"
1,4,14,30,62,"Female",27,4,"special care","large","Ctrl"
1,4,14,31,39,"Female",11,5,"special care","large","Ctrl"
1,4,14,32,46,"Female",20,5,"special care","large","Ctrl"
1,4,14,33,58,"Female",22,4,"special care","large","Ctrl"
1,4,14,34,34,"Male",14,5,"special care","large","Ctrl"
1,4,14,35,41,"Male",10,5,"special care","large","Ctrl"
1,4,14,36,56,"Female",17,5,"special care","large","Ctrl"
2,1,21,37,39,"Female",20,4,"general care","medium","Training"
2,1,21,38,60,"Female",29,5,"general care","medium","Training"
2,1,21,39,57,"Female",25,5,"general care","medium","Training"
2,1,21,40,50,"Female",20,5,"general care","medium","Training"
2,1,21,41,29,"Female",8,5,"general care","medium","Training"
2,1,21,42,57,"Male",29,5,"general care","medium","Training"
2,1,21,43,51,"Female",20,5,"general care","medium","Training"
2,1,21,44,25,"Female",13,5,"general care","medium","Training"
2,1,21,45,27,"Female",10,5,"general care","medium","Training"
2,2,22,46,53,"Female",18,4,"special care","medium","Training"
2,2,22,47,42,"Male",24,5,"special care","medium","Training"
2,2,22,48,43,"Female",15,4,"special care","medium","Training"
2,2,22,49,24,"Male",6,5,"special care","medium","Training"
2,2,22,50,48,"Male",17,5,"special care","medium","Training"
2,2,22,51,60,"Male",18,5,"special care","medium","Training"
2,2,22,52,27,"Female",10,4,"special care","medium","Training"
2,2,22,53,61,"Male",25,5,"special care","medium","Training"
2,2,22,54,33,"Female",14,5,"special care","medium","Training"
2,3,23,55,47,"Male",20,5,"general care","medium","Ctrl"
2,3,23,56,50,"Female",21,4,"general care","medium","Ctrl"
2,3,23,57,38,"Female",15,4,"general care","medium","Ctrl"
2,3,23,58,28,"Female",8,6,"general care","medium","Ctrl"
2,3,23,59,33,"Female",11,5,"general care","medium","Ctrl"
2,3,23,60,52,"Female",21,4,"general care","medium","Ctrl"
2,3,23,61,53,"Male",17,6,"general care","medium","Ctrl"
2,3,23,62,31,"Female",17,5,"general care","medium","Ctrl"
2,3,23,63,27,"Female",13,4,"general care","medium","Ctrl"
2,4,24,64,57,"Male",20,6,"special care","medium","Ctrl"
2,4,24,65,47,"Female",20,5,"special care","medium","Ctrl"
2,4,24,66,41,"Female",17,4,"special care","medium","Ctrl"
2,4,24,67,64,"Female",28,4,"special care","medium","Ctrl"
2,4,24,68,45,"Female",24,5,"special care","medium","Ctrl"
2,4,24,69,42,"Male",20,5,"special care","medium","Ctrl"
2,4,24,70,25,"Female",8,5,"special care","medium","Ctrl"
2,4,24,71,34,"Female",18,5,"special care","medium","Ctrl"
2,4,24,72,36,"Female",17,5,"special care","medium","Ctrl"
3,1,31,73,55,"Female",25,4,"general care","small","Training"
3,1,31,74,33,"Male",11,5,"general care","small","Training"
3,1,31,75,51,"Female",21,4,"general care","small","Training"
3,1,31,76,60,"Female",31,4,"general care","small","Training"
3,1,31,77,24,"Female",7,4,"general care","small","Training"
3,1,31,78,31,"Male",18,5,"general care","small","Training"
3,1,31,79,58,"Female",21,4,"general care","small","Training"
3,1,31,80,60,"Male",27,5,"general care","small","Training"
3,1,31,81,29,"Male",14,5,"general care","small","Training"
3,2,32,82,24,"Female",13,3,"special care","small","Training"
3,2,32,83,24,"Female",10,4,"special care","small","Training"
3,2,32,84,46,"Male",21,3,"special care","small","Training"
3,2,32,85,43,"Female",25,3,"special care","small","Training"
3,2,32,86,24,"Female",4,4,"special care","small","Training"
3,2,32,87,45,"Male",18,4,"special care","small","Training"
3,2,32,88,64,"Female",25,4,"special care","small","Training"
3,2,32,89,25,"Female",4,5,"special care","small","Training"
3,2,32,90,55,"Female",27,3,"special care","small","Training"
3,3,33,91,42,"Female",18,5,"general care","small","Ctrl"
3,3,33,92,58,"Female",25,6,"general care","small","Ctrl"
3,3,33,93,64,"Female",20,6,"general care","small","Ctrl"
3,3,33,94,47,"Male",17,6,"general care","small","Ctrl"
3,3,33,95,25,"Female",7,5,"general care","small","Ctrl"
3,3,33,96,50,"Male",21,5,"general care","small","Ctrl"
3,3,33,97,42,"Female",14,5,"general care","small","Ctrl"
3,3,33,98,60,"Male",29,5,"general care","small","Ctrl"
3,3,33,99,33,"Female",20,5,"general care","small","Ctrl"
3,4,34,100,51,"Male",18,6,"special care","small","Ctrl"
3,4,34,101,27,"Female",11,6,"special care","small","Ctrl"
3,4,34,102,43,"Female",17,6,"special care","small","Ctrl"
3,4,34,103,45,"Female",15,6,"special care","small","Ctrl"
3,4,34,104,53,"Male",21,6,"special care","small","Ctrl"
3,4,34,105,53,"Male",21,6,"special care","small","Ctrl"
3,4,34,106,37,"Male",15,6,"special care","small","Ctrl"
3,4,34,107,25,"Female",10,7,"special care","small","Ctrl"
3,4,34,108,32,"Female",14,6,"special care","small","Ctrl"
3,4,34,109,46,"Female",20,6,"special care","small","Ctrl"
4,1,41,110,57,"Female",25,5,"general care","large","Training"
4,1,41,111,27,"Female",11,6,"general care","large","Training"
4,1,41,112,55,"Female",25,5,"general care","large","Training"
4,1,41,113,51,"Male",20,6,"general care","large","Training"
4,1,41,114,24,"Female",14,5,"general care","large","Training"
4,1,41,115,56,"Female",20,5,"general care","large","Training"
4,1,41,116,31,"Female",17,5,"general care","large","Training"
4,1,41,117,46,"Male",17,6,"general care","large","Training"
4,1,41,118,57,"Female",24,5,"general care","large","Training"
4,1,41,119,42,"Female",18,5,"general care","large","Training"
4,2,42,120,53,"Female",18,5,"special care","large","Training"
4,2,42,121,48,"Female",22,5,"special care","large","Training"
4,2,42,122,25,"Male",7,5,"special care","large","Training"
4,2,42,123,37,"Female",13,4,"special care","large","Training"
4,2,42,124,47,"Female",14,5,"special care","large","Training"
4,2,42,125,29,"Female",7,5,"special care","large","Training"
4,2,42,126,41,"Female",13,5,"special care","large","Training"
4,2,42,127,31,"Female",18,4,"special care","large","Training"
4,2,42,128,52,"Female",22,5,"special care","large","Training"
4,2,42,129,36,"Female",20,3,"special care","large","Training"
4,3,43,130,39,"Male",8,6,"general care","large","Ctrl"
4,3,43,131,62,"Female",25,5,"general care","large","Ctrl"
4,3,43,132,42,"Male",13,6,"general care","large","Ctrl"
4,3,43,133,51,"Female",24,6,"general care","large","Ctrl"
4,3,43,134,29,"Female",13,5,"general care","large","Ctrl"
4,3,43,135,25,"Female",10,6,"general care","large","Ctrl"
4,3,43,136,50,"Female",13,6,"general care","large","Ctrl"
4,3,43,137,23,"Female",4,6,"general care","large","Ctrl"
4,3,43,138,60,"Female",18,6,"general care","large","Ctrl"
4,4,44,139,43,"Female",21,5,"special care","large","Ctrl"
4,4,44,140,43,"Female",13,6,"special care","large","Ctrl"
4,4,44,141,27,"Female",13,5,"special care","large","Ctrl"
4,4,44,142,28,"Male",14,6,"special care","large","Ctrl"
4,4,44,143,36,"Male",17,7,"special care","large","Ctrl"
4,4,44,144,60,"Female",25,5,"special care","large","Ctrl"
4,4,44,145,64,"Female",25,5,"special care","large","Ctrl"
4,4,44,146,64,"Female",27,5,"special care","large","Ctrl"
4,4,44,147,61,"Female",25,6,"special care","large","Ctrl"
5,1,51,148,27,"Male",11,5,"general care","medium","Training"
5,1,51,149,32,"Female",7,6,"general care","medium","Training"
5,1,51,150,28,"Female",11,6,"general care","medium","Training"
5,1,51,151,64,"Female",24,6,"general care","medium","Training"
5,1,51,152,55,"Male",24,6,"general care","medium","Training"
5,1,51,153,46,"Female",14,6,"general care","medium","Training"
5,1,51,154,45,"Female",20,5,"general care","medium","Training"
5,1,51,155,23,"Female",13,5,"general care","medium","Training"
5,1,51,156,55,"Female",22,5,"general care","medium","Training"
5,2,52,157,60,"Female",22,5,"special care","medium","Training"
5,2,52,158,39,"Male",22,5,"special care","medium","Training"
5,2,52,159,24,"Female",10,6,"special care","medium","Training"
5,2,52,160,61,"Female",22,6,"special care","medium","Training"
5,2,52,161,28,"Female",11,6,"special care","medium","Training"
5,2,52,162,34,"Female",15,5,"special care","medium","Training"
5,2,52,163,34,"Male",7,6,"special care","medium","Training"
5,2,52,164,25,"Female",6,6,"special care","medium","Training"
5,2,52,165,39,"Male",14,6,"special care","medium","Training"
5,3,53,166,64,"Male",28,5,"general care","medium","Ctrl"
5,3,53,167,60,"Male",28,5,"general care","medium","Ctrl"
5,3,53,168,58,"Female",20,6,"general care","medium","Ctrl"
5,3,53,169,58,"Female",24,5,"general care","medium","Ctrl"
5,3,53,170,32,"Female",14,6,"general care","medium","Ctrl"
5,3,53,171,41,"Female",20,5,"general care","medium","Ctrl"
5,3,53,172,61,"Female",20,5,"general care","medium","Ctrl"
5,3,53,173,47,"Female",21,6,"general care","medium","Ctrl"
5,3,53,174,60,"Female",28,6,"general care","medium","Ctrl"
5,4,54,175,56,"Female",14,7,"special care","medium","Ctrl"
5,4,54,176,47,"Female",18,5,"special care","medium","Ctrl"
5,4,54,177,31,"Female",8,5,"special care","medium","Ctrl"
5,4,54,178,47,"Female",20,6,"special care","medium","Ctrl"
5,4,54,179,51,"Female",21,6,"special care","medium","Ctrl"
5,4,54,180,61,"Female",20,5,"special care","medium","Ctrl"
5,4,54,181,50,"Male",24,5,"special care","medium","Ctrl"
5,4,54,182,37,"Female",10,5,"special care","medium","Ctrl"
5,4,54,183,23,"Female",14,4,"special care","medium","Ctrl"
6,1,61,184,56,"Female",24,4,"general care","medium","Training"
6,1,61,185,45,"Female",13,5,"general care","medium","Training"
6,1,61,186,23,"Male",11,4,"general care","medium","Training"
6,1,61,187,48,"Female",11,4,"general care","medium","Training"
6,1,61,188,46,"Female",17,4,"general care","medium","Training"
6,1,61,189,64,"Female",28,4,"general care","medium","Training"
6,1,61,190,47,"Female",21,4,"general care","medium","Training"
6,1,61,191,56,"Female",24,5,"general care","medium","Training"
6,1,61,192,51,"Male",13,5,"general care","medium","Training"
6,2,62,193,28,"Female",8,4,"special care","medium","Training"
6,2,62,194,61,"Female",27,3,"special care","medium","Training"
6,2,62,195,41,"Female",17,4,"special care","medium","Training"
6,2,62,196,37,"Male",17,4,"special care","medium","Training"
6,2,62,197,25,"Female",8,3,"special care","medium","Training"
6,2,62,198,25,"Female",11,3,"special care","medium","Training"
6,2,62,199,50,"Female",15,4,"special care","medium","Training"
6,2,62,200,64,"Female",24,3,"special care","medium","Training"
6,2,62,201,38,"Male",11,4,"special care","medium","Training"
6,3,63,202,39,"Female",11,6,"general care","medium","Ctrl"
6,3,63,203,43,"Female",14,5,"general care","medium","Ctrl"
6,3,63,204,28,"Female",8,5,"general care","medium","Ctrl"
6,3,63,205,33,"Female",15,5,"general care","medium","Ctrl"
6,3,63,206,39,"Female",10,5,"general care","medium","Ctrl"
6,3,63,207,46,"Female",22,5,"general care","medium","Ctrl"
6,3,63,208,25,"Female",11,5,"general care","medium","Ctrl"
6,3,63,209,52,"Female",18,5,"general care","medium","Ctrl"
6,3,63,210,45,"Female",17,5,"general care","medium","Ctrl"
6,4,64,211,52,"Female",15,6,"special care","medium","Ctrl"
6,4,64,212,33,"Male",4,6,"special care","medium","Ctrl"
6,4,64,213,25,"Female",8,5,"special care","medium","Ctrl"
6,4,64,214,36,"Female",17,5,"special care","medium","Ctrl"
6,4,64,215,50,"Female",21,5,"special care","medium","Ctrl"
6,4,64,216,57,"Male",18,6,"special care","medium","Ctrl"
6,4,64,217,43,"Female",20,5,"special care","medium","Ctrl"
6,4,64,218,53,"Female",21,5,"special care","medium","Ctrl"
6,4,64,219,62,"Female",20,5,"special care","medium","Ctrl"
7,1,71,220,60,"Female",27,4,"general care","medium","Training"
7,1,71,221,62,"Female",22,5,"general care","medium","Training"
7,1,71,222,33,"Female",4,5,"general care","medium","Training"
7,1,71,223,33,"Female",20,5,"general care","medium","Training"
7,1,71,224,27,"Female",13,4,"general care","medium","Training"
7,1,71,225,61,"Female",28,4,"general care","medium","Training"
7,1,71,226,23,"Female",15,4,"general care","medium","Training"
7,1,71,227,38,"Female",21,5,"general care","medium","Training"
7,1,71,228,64,"Female",33,4,"general care","medium","Training"
7,1,71,229,64,"Male",32,4,"general care","medium","Training"
7,2,72,230,57,"Female",18,5,"special care","medium","Training"
7,2,72,231,25,"Female",4,5,"special care","medium","Training"
7,2,72,232,56,"Female",27,5,"special care","medium","Training"
7,2,72,233,43,"Male",21,5,"special care","medium","Training"
7,2,72,234,45,"Female",20,5,"special care","medium","Training"
7,2,72,235,23,"Female",6,4,"special care","medium","Training"
7,2,72,236,46,"Female",15,5,"special care","medium","Training"
7,2,72,237,37,"Female",20,4,"special care","medium","Training"
7,2,72,238,31,"Male",14,5,"special care","medium","Training"
7,2,72,239,29,"Female",7,5,"special care","medium","Training"
7,3,73,240,37,"Male",13,5,"general care","medium","Ctrl"
7,3,73,241,61,"Male",25,5,"general care","medium","Ctrl"
7,3,73,242,43,"Female",20,5,"general care","medium","Ctrl"
7,3,73,243,39,"Female",17,4,"general care","medium","Ctrl"
7,3,73,244,29,"Female",13,5,"general care","medium","Ctrl"
7,3,73,245,52,"Female",20,5,"general care","medium","Ctrl"
7,3,73,246,58,"Male",28,5,"general care","medium","Ctrl"
7,3,73,247,34,"Male",15,5,"general care","medium","Ctrl"
7,3,73,248,57,"Female",29,5,"general care","medium","Ctrl"
7,3,73,249,37,"Female",8,5,"general care","medium","Ctrl"
7,4,74,250,56,"Female",20,5,"special care","medium","Ctrl"
7,4,74,251,32,"Male",8,5,"special care","medium","Ctrl"
7,4,74,252,29,"Female",13,4,"special care","medium","Ctrl"
7,4,74,253,29,"Male",10,5,"special care","medium","Ctrl"
7,4,74,254,32,"Female",13,4,"special care","medium","Ctrl"
7,4,74,255,25,"Female",11,5,"special care","medium","Ctrl"
7,4,74,256,36,"Female",18,5,"special care","medium","Ctrl"
7,4,74,257,45,"Female",14,4,"special care","medium","Ctrl"
7,4,74,258,58,"Female",17,5,"special care","medium","Ctrl"
7,4,74,259,52,"Male",25,5,"special care","medium","Ctrl"
8,1,81,260,42,"Female",15,6,"general care","medium","Training"
8,1,81,261,31,"Female",8,6,"general care","medium","Training"
8,1,81,262,37,"Female",17,5,"general care","medium","Training"
8,1,81,263,47,"Female",25,4,"general care","medium","Training"
8,1,81,264,31,"Female",6,6,"general care","medium","Training"
8,1,81,265,38,"Male",13,6,"general care","medium","Training"
8,1,81,266,58,"Female",22,6,"general care","medium","Training"
8,1,81,267,31,"Female",13,5,"general care","medium","Training"
8,1,81,268,41,"Female",15,5,"general care","medium","Training"
8,1,81,269,62,"Female",17,6,"general care","medium","Training"
8,2,82,270,62,"Female",32,5,"special care","medium","Training"
8,2,82,271,24,"Female",13,5,"special care","medium","Training"
8,2,82,272,28,"Female",13,5,"special care","medium","Training"
8,2,82,273,58,"Female",20,5,"special care","medium","Training"
8,2,82,274,56,"Female",24,5,"special care","medium","Training"
8,2,82,275,50,"Female",21,4,"special care","medium","Training"
8,2,82,276,51,"Female",13,6,"special care","medium","Training"
8,2,82,277,24,"Female",8,6,"special care","medium","Training"
8,2,82,278,28,"Female",11,5,"special care","medium","Training"
8,2,82,279,43,"Female",14,5,"special care","medium","Training"
8,3,83,280,45,"Female",14,5,"general care","medium","Ctrl"
8,3,83,281,61,"Female",27,5,"general care","medium","Ctrl"
8,3,83,282,45,"Male",17,6,"general care","medium","Ctrl"
8,3,83,283,41,"Male",18,5,"general care","medium","Ctrl"
8,3,83,284,31,"Female",8,5,"general care","medium","Ctrl"
8,3,83,285,32,"Female",14,5,"general care","medium","Ctrl"
8,3,83,286,24,"Female",10,6,"general care","medium","Ctrl"
8,3,83,287,57,"Female",24,4,"general care","medium","Ctrl"
8,3,83,288,41,"Male",14,5,"general care","medium","Ctrl"
8,3,83,289,58,"Male",15,7,"general care","medium","Ctrl"
8,4,84,290,56,"Female",20,5,"special care","medium","Ctrl"
8,4,84,291,51,"Female",18,5,"special care","medium","Ctrl"
8,4,84,292,45,"Male",15,6,"special care","medium","Ctrl"
8,4,84,293,32,"Male",13,5,"special care","medium","Ctrl"
8,4,84,294,55,"Female",25,5,"special care","medium","Ctrl"
8,4,84,295,53,"Female",21,5,"special care","medium","Ctrl"
8,4,84,296,41,"Female",13,6,"special care","medium","Ctrl"
8,4,84,297,47,"Female",18,5,"special care","medium","Ctrl"
8,4,84,298,41,"Male",17,5,"special care","medium","Ctrl"
8,4,84,299,28,"Male",14,5,"special care","medium","Ctrl"
9,1,91,300,62,"Female",25,2,"general care","small","Training"
9,1,91,301,34,"Female",13,2,"general care","small","Training"
9,1,91,302,41,"Male",17,3,"general care","small","Training"
9,1,91,303,31,"Male",14,3,"general care","small","Training"
9,1,91,304,57,"Female",24,1,"general care","small","Training"
9,1,91,305,60,"Male",24,3,"general care","small","Training"
9,1,91,306,29,"Female",10,2,"general care","small","Training"
9,1,91,307,46,"Female",14,3,"general care","small","Training"
9,1,91,308,27,"Female",15,2,"general care","small","Training"
9,1,91,309,50,"Female",17,3,"general care","small","Training"
9,2,92,310,45,"Male",15,3,"special care","small","Training"
9,2,92,311,34,"Female",10,3,"special care","small","Training"
9,2,92,312,45,"Male",14,3,"special care","small","Training"
9,2,92,313,39,"Male",14,3,"special care","small","Training"
9,2,92,314,43,"Female",20,3,"special care","small","Training"
9,2,92,315,28,"Female",14,3,"special care","small","Training"
9,2,92,316,55,"Female",22,3,"special care","small","Training"
9,2,92,317,32,"Female",4,3,"special care","small","Training"
9,2,92,318,38,"Female",20,2,"special care","small","Training"
9,2,92,319,36,"Female",10,3,"special care","small","Training"
9,3,93,320,29,"Female",15,4,"general care","small","Ctrl"
9,3,93,321,48,"Female",18,5,"general care","small","Ctrl"
9,3,93,322,31,"Male",13,5,"general care","small","Ctrl"
9,3,93,323,37,"Female",15,4,"general care","small","Ctrl"
9,3,93,324,58,"Male",24,5,"general care","small","Ctrl"
9,3,93,325,31,"Female",17,4,"general care","small","Ctrl"
9,3,93,326,46,"Female",20,4,"general care","small","Ctrl"
9,3,93,327,60,"Female",20,5,"general care","small","Ctrl"
9,3,93,328,46,"Female",14,5,"general care","small","Ctrl"
9,3,93,329,57,"Male",22,5,"general care","small","Ctrl"
9,4,94,330,50,"Male",22,4,"special care","small","Ctrl"
9,4,94,331,64,"Male",25,5,"special care","small","Ctrl"
9,4,94,332,24,"Female",7,5,"special care","small","Ctrl"
9,4,94,333,37,"Female",17,5,"special care","small","Ctrl"
9,4,94,334,36,"Female",13,5,"special care","small","Ctrl"
9,4,94,335,58,"Female",20,4,"special care","small","Ctrl"
9,4,94,336,64,"Female",28,4,"special care","small","Ctrl"
9,4,94,337,34,"Female",17,4,"special care","small","Ctrl"
9,4,94,338,47,"Male",20,5,"special care","small","Ctrl"
9,4,94,339,43,"Female",20,4,"special care","small","Ctrl"
10,1,101,340,39,"Male",11,6,"general care","medium","Training"
10,1,101,341,43,"Female",14,5,"general care","medium","Training"
10,1,101,342,27,"Male",11,6,"general care","medium","Training"
10,1,101,343,27,"Female",13,5,"general care","medium","Training"
10,1,101,344,55,"Male",17,6,"general care","medium","Training"
10,1,101,345,61,"Male",24,5,"general care","medium","Training"
10,1,101,346,37,"Male",18,6,"general care","medium","Training"
10,1,101,347,36,"Female",20,4,"general care","medium","Training"
10,1,101,348,32,"Female",7,5,"general care","medium","Training"
10,1,101,349,47,"Male",20,5,"general care","medium","Training"
10,2,102,350,27,"Male",8,6,"special care","medium","Training"
10,2,102,351,42,"Male",21,5,"special care","medium","Training"
10,2,102,352,55,"Female",22,6,"special care","medium","Training"
10,2,102,353,45,"Female",20,5,"special care","medium","Training"
10,2,102,354,23,"Female",8,5,"special care","medium","Training"
10,2,102,355,58,"Female",20,6,"special care","medium","Training"
10,2,102,356,60,"Female",21,5,"special care","medium","Training"
10,2,102,357,58,"Female",20,5,"special care","medium","Training"
10,2,102,358,33,"Female",17,5,"special care","medium","Training"
10,2,102,359,50,"Female",15,5,"special care","medium","Training"
10,3,103,360,47,"Female",20,6,"general care","medium","Ctrl"
10,3,103,361,23,"Female",6,6,"general care","medium","Ctrl"
10,3,103,362,53,"Female",24,6,"general care","medium","Ctrl"
10,3,103,363,27,"Female",8,6,"general care","medium","Ctrl"
10,3,103,364,53,"Female",20,6,"general care","medium","Ctrl"
10,3,103,365,37,"Female",13,6,"general care","medium","Ctrl"
10,3,103,366,53,"Female",17,7,"general care","medium","Ctrl"
10,3,103,367,52,"Female",21,6,"general care","medium","Ctrl"
10,3,103,368,39,"Female",11,6,"general care","medium","Ctrl"
10,3,103,369,48,"Female",20,6,"general care","medium","Ctrl"
10,4,104,370,64,"Female",22,6,"special care","medium","Ctrl"
10,4,104,371,42,"Female",15,5,"special care","medium","Ctrl"
10,4,104,372,31,"Female",13,5,"special care","medium","Ctrl"
10,4,104,373,34,"Female",10,6,"special care","medium","Ctrl"
10,4,104,374,41,"Female",17,5,"special care","medium","Ctrl"
10,4,104,375,47,"Female",22,5,"special care","medium","Ctrl"
10,4,104,376,48,"Female",14,6,"special care","medium","Ctrl"
10,4,104,377,29,"Male",13,6,"special care","medium","Ctrl"
10,4,104,378,51,"Female",20,5,"special care","medium","Ctrl"
10,4,104,379,48,"Male",21,6,"special care","medium","Ctrl"
11,1,111,380,61,"Female",27,4,"general care","medium","Training"
11,1,111,381,23,"Female",6,4,"general care","medium","Training"
11,1,111,382,61,"Female",21,4,"general care","medium","Training"
11,1,111,383,50,"Male",24,5,"general care","medium","Training"
11,1,111,384,39,"Female",18,4,"general care","medium","Training"
11,1,111,385,37,"Male",17,4,"general care","medium","Training"
11,1,111,386,47,"Female",17,4,"general care","medium","Training"
11,1,111,387,24,"Male",13,4,"general care","medium","Training"
11,1,111,388,47,"Female",21,4,"general care","medium","Training"
11,1,111,389,23,"Male",13,4,"general care","medium","Training"
11,1,111,390,36,"Female",7,4,"general care","medium","Training"
11,2,112,391,41,"Female",15,5,"special care","medium","Training"
11,2,112,392,55,"Female",22,4,"special care","medium","Training"
11,2,112,393,56,"Female",25,4,"special care","medium","Training"
11,2,112,394,37,"Female",15,4,"special care","medium","Training"
11,2,112,395,39,"Male",13,5,"special care","medium","Training"
11,2,112,396,24,"Female",10,4,"special care","medium","Training"
11,2,112,397,56,"Female",21,5,"special care","medium","Training"
11,2,112,398,60,"Male",29,4,"special care","medium","Training"
11,2,112,399,42,"Female",18,4,"special care","medium","Training"
11,2,112,400,29,"Female",6,4,"special care","medium","Training"
11,2,112,401,39,"Female",8,4,"special care","medium","Training"
11,3,113,402,61,"Female",20,5,"general care","medium","Ctrl"
11,3,113,403,37,"Female",13,5,"general care","medium","Ctrl"
11,3,113,404,24,"Female",10,5,"general care","medium","Ctrl"
11,3,113,405,31,"Female",13,5,"general care","medium","Ctrl"
11,3,113,406,36,"Female",8,6,"general care","medium","Ctrl"
11,3,113,407,47,"Female",22,5,"general care","medium","Ctrl"
11,3,113,408,64,"Female",18,5,"general care","medium","Ctrl"
11,3,113,409,47,"Male",25,5,"general care","medium","Ctrl"
11,3,113,410,31,"Female",10,4,"general care","medium","Ctrl"
11,3,113,411,55,"Female",20,5,"general care","medium","Ctrl"
11,4,114,412,34,"Female",13,5,"special care","medium","Ctrl"
11,4,114,413,29,"Female",14,5,"special care","medium","Ctrl"
11,4,114,414,42,"Female",20,5,"special care","medium","Ctrl"
11,4,114,415,42,"Male",17,5,"special care","medium","Ctrl"
11,4,114,416,56,"Female",22,6,"special care","medium","Ctrl"
11,4,114,417,57,"Female",27,5,"special care","medium","Ctrl"
11,4,114,418,29,"Male",10,6,"special care","medium","Ctrl"
11,4,114,419,33,"Female",10,6,"special care","medium","Ctrl"
11,4,114,420,39,"Female",20,5,"special care","medium","Ctrl"
11,4,114,421,62,"Female",21,6,"special care","medium","Ctrl"
11,4,114,422,60,"Female",22,6,"special care","medium","Ctrl"
12,1,121,423,56,"Male",18,5,"general care","medium","Training"
12,1,121,424,47,"Female",18,4,"general care","medium","Training"
12,1,121,425,34,"Female",14,4,"general care","medium","Training"
12,1,121,426,39,"Female",20,3,"general care","medium","Training"
12,1,121,427,50,"Male",22,4,"general care","medium","Training"
12,1,121,428,38,"Female",17,3,"general care","medium","Training"
12,1,121,429,50,"Female",21,3,"general care","medium","Training"
12,1,121,430,25,"Female",10,4,"general care","medium","Training"
12,1,121,431,34,"Female",14,4,"general care","medium","Training"
12,1,121,432,39,"Female",20,4,"general care","medium","Training"
12,1,121,433,42,"Female",20,4,"general care","medium","Training"
12,1,121,434,42,"Female",17,4,"general care","medium","Training"
12,2,122,435,39,"Female",13,4,"special care","medium","Training"
12,2,122,436,56,"Female",21,4,"special care","medium","Training"
12,2,122,437,56,"Male",25,5,"special care","medium","Training"
12,2,122,438,31,"Male",11,5,"special care","medium","Training"
12,2,122,439,58,"Male",21,5,"special care","medium","Training"
12,2,122,440,43,"Female",20,4,"special care","medium","Training"
12,2,122,441,58,"Female",28,4,"special care","medium","Training"
12,2,122,442,37,"Male",14,5,"special care","medium","Training"
12,2,122,443,25,"Female",7,5,"special care","medium","Training"
12,2,122,444,57,"Female",25,4,"special care","medium","Training"
12,2,122,445,52,"Female",20,5,"special care","medium","Training"
12,2,122,446,36,"Female",15,4,"special care","medium","Training"
12,2,122,447,24,"Female",13,5,"special care","medium","Training"
12,3,123,448,42,"Female",20,5,"general care","medium","Ctrl"
12,3,123,449,60,"Male",27,5,"general care","medium","Ctrl"
12,3,123,450,56,"Female",22,5,"general care","medium","Ctrl"
12,3,123,451,55,"Male",24,6,"general care","medium","Ctrl"
12,3,123,452,31,"Female",11,6,"general care","medium","Ctrl"
12,3,123,453,32,"Female",17,5,"general care","medium","Ctrl"
12,3,123,454,42,"Female",13,6,"general care","medium","Ctrl"
12,3,123,455,32,"Female",14,5,"general care","medium","Ctrl"
12,3,123,456,32,"Male",10,6,"general care","medium","Ctrl"
12,3,123,457,57,"Male",28,5,"general care","medium","Ctrl"
12,3,123,458,61,"Female",27,5,"general care","medium","Ctrl"
12,3,123,459,41,"Female",20,6,"general care","medium","Ctrl"
12,3,123,460,46,"Female",18,5,"general care","medium","Ctrl"
12,4,124,461,51,"Male",21,6,"special care","medium","Ctrl"
12,4,124,462,31,"Female",7,6,"special care","medium","Ctrl"
12,4,124,463,56,"Female",22,6,"special care","medium","Ctrl"
12,4,124,464,42,"Female",20,5,"special care","medium","Ctrl"
12,4,124,465,45,"Male",14,7,"special care","medium","Ctrl"
12,4,124,466,39,"Female",17,5,"special care","medium","Ctrl"
12,4,124,467,46,"Female",18,6,"special care","medium","Ctrl"
12,4,124,468,36,"Female",8,6,"special care","medium","Ctrl"
12,4,124,469,42,"Male",15,6,"special care","medium","Ctrl"
12,4,124,470,41,"Male",13,6,"special care","medium","Ctrl"
12,4,124,471,37,"Female",13,6,"special care","medium","Ctrl"
12,4,124,472,52,"Male",27,6,"special care","medium","Ctrl"
12,4,124,473,42,"Male",22,6,"special care","medium","Ctrl"
13,1,131,474,57,"Female",22,4,"general care","small","Training"
13,1,131,475,62,"Female",27,3,"general care","small","Training"
13,1,131,476,32,"Female",11,3,"general care","small","Training"
13,1,131,477,56,"Female",20,3,"general care","small","Training"
13,1,131,478,48,"Female",24,4,"general care","small","Training"
13,1,131,479,33,"Female",20,3,"general care","small","Training"
13,1,131,480,34,"Female",15,3,"general care","small","Training"
13,1,131,481,61,"Female",21,4,"general care","small","Training"
13,1,131,482,24,"Male",6,4,"general care","small","Training"
13,1,131,483,31,"Female",13,4,"general care","small","Training"
13,1,131,484,46,"Male",13,4,"general care","small","Training"
13,1,131,485,27,"Female",4,5,"general care","small","Training"
13,1,131,486,42,"Female",17,4,"general care","small","Training"
13,2,132,487,62,"Female",24,3,"special care","small","Training"
13,2,132,488,57,"Male",25,4,"special care","small","Training"
13,2,132,489,31,"Female",15,3,"special care","small","Training"
13,2,132,490,34,"Female",13,4,"special care","small","Training"
13,2,132,491,57,"Female",21,3,"special care","small","Training"
13,2,132,492,53,"Female",17,3,"special care","small","Training"
13,2,132,493,47,"Female",20,4,"special care","small","Training"
13,2,132,494,34,"Female",18,3,"special care","small","Training"
13,2,132,495,47,"Female",15,4,"special care","small","Training"
13,2,132,496,31,"Female",11,4,"special care","small","Training"
13,2,132,497,25,"Male",10,5,"special care","small","Training"
13,2,132,498,57,"Female",21,4,"special care","small","Training"
13,2,132,499,47,"Female",14,4,"special care","small","Training"
13,3,133,500,61,"Female",21,5,"general care","small","Ctrl"
13,3,133,501,27,"Male",10,6,"general care","small","Ctrl"
13,3,133,502,53,"Male",24,6,"general care","small","Ctrl"
13,3,133,503,34,"Female",10,6,"general care","small","Ctrl"
13,3,133,504,64,"Female",22,4,"general care","small","Ctrl"
13,3,133,505,34,"Female",11,5,"general care","small","Ctrl"
13,3,133,506,55,"Female",21,5,"general care","small","Ctrl"
13,3,133,507,43,"Female",18,5,"general care","small","Ctrl"
13,3,133,508,29,"Female",15,4,"general care","small","Ctrl"
13,3,133,509,45,"Female",17,5,"general care","small","Ctrl"
13,3,133,510,27,"Female",11,5,"general care","small","Ctrl"
13,3,133,511,47,"Female",17,5,"general care","small","Ctrl"
13,3,133,512,58,"Female",22,6,"general care","small","Ctrl"
13,4,134,513,45,"Female",15,5,"special care","small","Ctrl"
13,4,134,514,64,"Female",25,4,"special care","small","Ctrl"
13,4,134,515,55,"Female",17,5,"special care","small","Ctrl"
13,4,134,516,32,"Female",14,5,"special care","small","Ctrl"
13,4,134,517,29,"Female",8,5,"special care","small","Ctrl"
13,4,134,518,29,"Female",13,5,"special care","small","Ctrl"
13,4,134,519,48,"Male",11,6,"special care","small","Ctrl"
13,4,134,520,45,"Female",22,5,"special care","small","Ctrl"
13,4,134,521,43,"Female",24,5,"special care","small","Ctrl"
13,4,134,522,23,"Male",10,6,"special care","small","Ctrl"
13,4,134,523,60,"Female",25,5,"special care","small","Ctrl"
13,4,134,524,39,"Female",21,5,"special care","small","Ctrl"
13,4,134,525,45,"Female",13,6,"special care","small","Ctrl"
14,1,141,526,36,"Female",10,3,"general care","small","Training"
14,1,141,527,45,"Female",20,4,"general care","small","Training"
14,1,141,528,36,"Female",8,4,"general care","small","Training"
14,1,141,529,42,"Male",10,5,"general care","small","Training"
14,1,141,530,37,"Female",20,3,"general care","small","Training"
14,1,141,531,41,"Male",15,4,"general care","small","Training"
14,1,141,532,64,"Male",25,4,"general care","small","Training"
14,1,141,533,58,"Female",25,3,"general care","small","Training"
14,1,141,534,62,"Female",28,4,"general care","small","Training"
14,1,141,535,32,"Female",7,4,"general care","small","Training"
14,1,141,536,33,"Female",10,4,"general care","small","Training"
14,1,141,537,25,"Male",6,4,"general care","small","Training"
14,1,141,538,60,"Female",20,3,"general care","small","Training"
14,2,142,539,38,"Male",13,5,"special care","small","Training"
14,2,142,540,48,"Male",21,5,"special care","small","Training"
14,2,142,541,45,"Female",20,3,"special care","small","Training"
14,2,142,542,56,"Female",20,4,"special care","small","Training"
14,2,142,543,46,"Female",20,4,"special care","small","Training"
14,2,142,544,45,"Male",18,4,"special care","small","Training"
14,2,142,545,37,"Female",14,4,"special care","small","Training"
14,2,142,546,57,"Male",20,5,"special care","small","Training"
14,2,142,547,62,"Male",27,4,"special care","small","Training"
14,2,142,548,24,"Female",14,4,"special care","small","Training"
14,2,142,549,61,"Male",22,4,"special care","small","Training"
14,2,142,550,51,"Male",15,5,"special care","small","Training"
14,2,142,551,33,"Female",8,4,"special care","small","Training"
14,3,143,552,60,"Female",31,4,"general care","small","Ctrl"
14,3,143,553,36,"Male",11,6,"general care","small","Ctrl"
14,3,143,554,52,"Male",21,5,"general care","small","Ctrl"
14,3,143,555,56,"Female",29,5,"general care","small","Ctrl"
14,3,143,556,46,"Male",18,5,"general care","small","Ctrl"
14,3,143,557,50,"Female",21,5,"general care","small","Ctrl"
14,3,143,558,32,"Female",20,4,"general care","small","Ctrl"
14,3,143,559,45,"Male",11,6,"general care","small","Ctrl"
14,3,143,560,28,"Female",13,5,"general care","small","Ctrl"
14,3,143,561,51,"Female",20,5,"general care","small","Ctrl"
14,3,143,562,38,"Female",18,5,"general care","small","Ctrl"
14,3,143,563,55,"Male",22,5,"general care","small","Ctrl"
14,4,144,564,45,"Female",24,5,"special care","small","Ctrl"
14,4,144,565,32,"Female",17,5,"special care","small","Ctrl"
14,4,144,566,43,"Female",13,5,"special care","small","Ctrl"
14,4,144,567,24,"Male",11,5,"special care","small","Ctrl"
14,4,144,568,47,"Female",17,5,"special care","small","Ctrl"
14,4,144,569,47,"Female",21,5,"special care","small","Ctrl"
14,4,144,570,45,"Male",17,5,"special care","small","Ctrl"
14,4,144,571,52,"Female",28,4,"special care","small","Ctrl"
14,4,144,572,45,"Female",20,5,"special care","small","Ctrl"
14,4,144,573,62,"Female",28,5,"special care","small","Ctrl"
14,4,144,574,48,"Female",22,6,"special care","small","Ctrl"
14,4,144,575,50,"Female",15,5,"special care","small","Ctrl"
15,1,151,576,46,"Female",17,4,"general care","medium","Training"
15,1,151,577,61,"Male",28,5,"general care","medium","Training"
15,1,151,578,58,"Female",28,4,"general care","medium","Training"
15,1,151,579,51,"Female",24,3,"general care","medium","Training"
15,1,151,580,33,"Male",17,5,"general care","medium","Training"
15,1,151,581,24,"Female",13,4,"general care","medium","Training"
15,1,151,582,60,"Female",27,4,"general care","medium","Training"
15,1,151,583,43,"Female",11,4,"general care","medium","Training"
15,1,151,584,57,"Female",22,4,"general care","medium","Training"
15,1,151,585,33,"Female",15,4,"general care","medium","Training"
15,1,151,586,62,"Female",36,3,"general care","medium","Training"
15,1,151,587,61,"Male",29,4,"general care","medium","Training"
15,1,151,588,47,"Female",18,4,"general care","medium","Training"
15,2,152,589,60,"Male",22,6,"special care","medium","Training"
15,2,152,590,27,"Female",17,5,"special care","medium","Training"
15,2,152,591,24,"Female",6,6,"special care","medium","Training"
15,2,152,592,31,"Female",20,6,"special care","medium","Training"
15,2,152,593,55,"Female",25,5,"special care","medium","Training"
15,2,152,594,53,"Female",20,6,"special care","medium","Training"
15,2,152,595,23,"Female",6,6,"special care","medium","Training"
15,2,152,596,25,"Female",15,6,"special care","medium","Training"
15,2,152,597,27,"Female",8,6,"special care","medium","Training"
15,2,152,598,45,"Female",22,5,"special care","medium","Training"
15,2,152,599,52,"Female",25,5,"special care","medium","Training"
15,3,153,600,25,"Female",8,5,"general care","medium","Ctrl"
15,3,153,601,37,"Female",14,6,"general care","medium","Ctrl"
15,3,153,602,50,"Female",21,6,"general care","medium","Ctrl"
15,3,153,603,41,"Female",11,6,"general care","medium","Ctrl"
15,3,153,604,28,"Female",6,5,"general care","medium","Ctrl"
15,3,153,605,50,"Female",17,6,"general care","medium","Ctrl"
15,3,153,606,52,"Female",25,5,"general care","medium","Ctrl"
15,3,153,607,23,"Female",6,5,"general care","medium","Ctrl"
15,3,153,608,28,"Female",4,5,"general care","medium","Ctrl"
15,3,153,609,24,"Male",10,5,"general care","medium","Ctrl"
15,3,153,610,37,"Female",10,5,"general care","medium","Ctrl"
15,4,154,611,56,"Female",27,5,"special care","medium","Ctrl"
15,4,154,612,58,"Female",22,7,"special care","medium","Ctrl"
15,4,154,613,36,"Male",18,6,"special care","medium","Ctrl"
15,4,154,614,58,"Male",24,7,"special care","medium","Ctrl"
15,4,154,615,41,"Female",14,6,"special care","medium","Ctrl"
15,4,154,616,51,"Female",18,6,"special care","medium","Ctrl"
15,4,154,617,34,"Male",18,6,"special care","medium","Ctrl"
15,4,154,618,58,"Male",24,6,"special care","medium","Ctrl"
15,4,154,619,37,"Female",17,6,"special care","medium","Ctrl"
15,4,154,620,25,"Female",11,6,"special care","medium","Ctrl"
15,4,154,621,45,"Female",18,5,"special care","medium","Ctrl"
16,1,161,622,58,"Male",22,4,"general care","small","Training"
16,1,161,623,28,"Male",6,5,"general care","small","Training"
16,1,161,624,43,"Female",20,4,"general care","small","Training"
16,1,161,625,38,"Female",18,4,"general care","small","Training"
16,1,161,626,38,"Male",18,5,"general care","small","Training"
16,1,161,627,37,"Female",10,5,"general care","small","Training"
16,1,161,628,61,"Female",20,4,"general care","small","Training"
16,1,161,629,64,"Female",28,4,"general care","small","Training"
16,1,161,630,47,"Female",17,4,"general care","small","Training"
16,1,161,631,39,"Female",18,3,"general care","small","Training"
16,1,161,632,45,"Female",13,5,"general care","small","Training"
16,2,162,633,34,"Female",10,5,"special care","small","Training"
16,2,162,634,34,"Female",13,5,"special care","small","Training"
16,2,162,635,52,"Female",21,6,"special care","small","Training"
16,2,162,636,33,"Male",15,5,"special care","small","Training"
16,2,162,637,50,"Female",21,5,"special care","small","Training"
16,2,162,638,45,"Female",13,4,"special care","small","Training"
16,2,162,639,31,"Female",10,5,"special care","small","Training"
16,2,162,640,53,"Female",17,5,"special care","small","Training"
16,2,162,641,28,"Male",7,5,"special care","small","Training"
16,2,162,642,50,"Female",17,5,"special care","small","Training"
16,2,162,643,58,"Female",21,5,"special care","small","Training"
16,3,163,644,39,"Female",13,6,"general care","small","Ctrl"
16,3,163,645,42,"Female",24,5,"general care","small","Ctrl"
16,3,163,646,28,"Female",18,6,"general care","small","Ctrl"
16,3,163,647,43,"Male",18,6,"general care","small","Ctrl"
16,3,163,648,64,"Female",27,5,"general care","small","Ctrl"
16,3,163,649,47,"Male",25,6,"general care","small","Ctrl"
16,3,163,650,29,"Female",6,6,"general care","small","Ctrl"
16,3,163,651,56,"Female",29,6,"general care","small","Ctrl"
16,3,163,652,23,"Female",3,7,"general care","small","Ctrl"
16,4,164,653,28,"Female",10,5,"special care","small","Ctrl"
16,4,164,654,43,"Female",18,5,"special care","small","Ctrl"
16,4,164,655,60,"Female",25,5,"special care","small","Ctrl"
16,4,164,656,62,"Male",20,6,"special care","small","Ctrl"
16,4,164,657,34,"Female",15,5,"special care","small","Ctrl"
16,4,164,658,36,"Female",11,6,"special care","small","Ctrl"
16,4,164,659,51,"Female",22,6,"special care","small","Ctrl"
16,4,164,660,53,"Male",24,6,"special care","small","Ctrl"
16,4,164,661,58,"Female",25,6,"special care","small","Ctrl"
17,1,171,662,57,"Female",18,5,"general care","medium","Training"
17,1,171,663,23,"Female",10,5,"general care","medium","Training"
17,1,171,664,23,"Male",6,6,"general care","medium","Training"
17,1,171,665,36,"Female",8,5,"general care","medium","Training"
17,1,171,666,39,"Male",20,5,"general care","medium","Training"
17,1,171,667,33,"Female",17,5,"general care","medium","Training"
17,1,171,668,45,"Female",13,5,"general care","medium","Training"
17,1,171,669,50,"Female",17,5,"general care","medium","Training"
17,1,171,670,34,"Female",17,4,"general care","medium","Training"
17,2,172,671,64,"Male",28,5,"special care","medium","Training"
17,2,172,672,31,"Female",6,5,"special care","medium","Training"
17,2,172,673,61,"Female",27,5,"special care","medium","Training"
17,2,172,674,48,"Female",15,5,"special care","medium","Training"
17,2,172,675,34,"Male",17,5,"special care","medium","Training"
17,2,172,676,58,"Female",25,5,"special care","medium","Training"
17,2,172,677,42,"Female",15,5,"special care","medium","Training"
17,2,172,678,51,"Male",18,5,"special care","medium","Training"
17,2,172,679,28,"Male",13,6,"special care","medium","Training"
17,3,173,680,64,"Female",22,5,"general care","medium","Ctrl"
17,3,173,681,58,"Female",22,4,"general care","medium","Ctrl"
17,3,173,682,37,"Male",20,5,"general care","medium","Ctrl"
17,3,173,683,43,"Female",15,4,"general care","medium","Ctrl"
17,3,173,684,33,"Female",13,5,"general care","medium","Ctrl"
17,3,173,685,62,"Female",24,5,"general care","medium","Ctrl"
17,3,173,686,39,"Female",17,4,"general care","medium","Ctrl"
17,3,173,687,55,"Male",21,5,"general care","medium","Ctrl"
17,3,173,688,43,"Female",20,5,"general care","medium","Ctrl"
17,4,174,689,61,"Male",25,5,"special care","medium","Ctrl"
17,4,174,690,52,"Male",20,6,"special care","medium","Ctrl"
17,4,174,691,45,"Female",20,5,"special care","medium","Ctrl"
17,4,174,692,57,"Female",21,5,"special care","medium","Ctrl"
17,4,174,693,32,"Female",14,5,"special care","medium","Ctrl"
17,4,174,694,32,"Female",14,5,"special care","medium","Ctrl"
17,4,174,695,34,"Female",15,5,"special care","medium","Ctrl"
17,4,174,696,32,"Female",10,4,"special care","medium","Ctrl"
17,4,174,697,56,"Female",24,4,"special care","medium","Ctrl"
18,1,181,698,57,"Female",15,5,"general care","small","Training"
18,1,181,699,61,"Female",29,3,"general care","small","Training"
18,1,181,700,23,"Female",10,4,"general care","small","Training"
18,1,181,701,24,"Female",10,4,"general care","small","Training"
18,1,181,702,42,"Male",14,4,"general care","small","Training"
18,1,181,703,24,"Female",8,5,"general care","small","Training"
18,1,181,704,57,"Female",28,3,"general care","small","Training"
18,1,181,705,27,"Female",10,4,"general care","small","Training"
18,1,181,706,51,"Female",20,4,"general care","small","Training"
18,2,182,707,58,"Female",20,4,"special care","small","Training"
18,2,182,708,29,"Female",13,4,"special care","small","Training"
18,2,182,709,42,"Female",14,4,"special care","small","Training"
18,2,182,710,43,"Female",14,4,"special care","small","Training"
18,2,182,711,32,"Female",15,4,"special care","small","Training"
18,2,182,712,51,"Female",22,4,"special care","small","Training"
18,2,182,713,47,"Female",21,4,"special care","small","Training"
18,2,182,714,62,"Female",20,4,"special care","small","Training"
18,2,182,715,61,"Male",24,5,"special care","small","Training"
18,2,182,716,47,"Female",20,4,"special care","small","Training"
18,3,183,717,37,"Female",17,6,"general care","small","Ctrl"
18,3,183,718,23,"Male",7,6,"general care","small","Ctrl"
18,3,183,719,27,"Female",13,4,"general care","small","Ctrl"
18,3,183,720,55,"Female",24,5,"general care","small","Ctrl"
18,3,183,721,25,"Female",8,6,"general care","small","Ctrl"
18,3,183,722,43,"Female",15,6,"general care","small","Ctrl"
18,3,183,723,52,"Female",14,5,"general care","small","Ctrl"
18,3,183,724,25,"Male",8,6,"general care","small","Ctrl"
18,3,183,725,50,"Female",15,5,"general care","small","Ctrl"
18,3,183,726,50,"Male",14,6,"general care","small","Ctrl"
18,4,184,727,58,"Female",22,5,"special care","small","Ctrl"
18,4,184,728,34,"Male",7,6,"special care","small","Ctrl"
18,4,184,729,43,"Male",18,6,"special care","small","Ctrl"
18,4,184,730,46,"Female",18,6,"special care","small","Ctrl"
18,4,184,731,42,"Female",15,5,"special care","small","Ctrl"
18,4,184,732,51,"Female",24,5,"special care","small","Ctrl"
18,4,184,733,46,"Female",15,6,"special care","small","Ctrl"
18,4,184,734,25,"Female",13,6,"special care","small","Ctrl"
18,4,184,735,29,"Female",17,5,"special care","small","Ctrl"
18,4,184,736,48,"Female",17,6,"special care","small","Ctrl"
19,1,191,737,53,"Female",20,6,"general care","large","Training"
19,1,191,738,29,"Female",8,6,"general care","large","Training"
19,1,191,739,51,"Female",20,5,"general care","large","Training"
19,1,191,740,62,"Female",27,6,"general care","large","Training"
19,1,191,741,29,"Female",13,6,"general care","large","Training"
19,1,191,742,46,"Female",17,6,"general care","large","Training"
19,1,191,743,48,"Male",18,7,"general care","large","Training"
19,1,191,744,37,"Female",15,5,"general care","large","Training"
19,1,191,745,25,"Female",10,5,"general care","large","Training"
19,1,191,746,38,"Male",17,5,"general care","large","Training"
19,2,192,747,24,"Female",11,5,"special care","large","Training"
19,2,192,748,27,"Female",14,5,"special care","large","Training"
19,2,192,749,45,"Male",15,6,"special care","large","Training"
19,2,192,750,41,"Female",14,6,"special care","large","Training"
19,2,192,751,38,"Female",17,5,"special care","large","Training"
19,2,192,752,57,"Male",21,6,"special care","large","Training"
19,2,192,753,45,"Female",15,5,"special care","large","Training"
19,2,192,754,57,"Female",22,5,"special care","large","Training"
19,2,192,755,25,"Female",1,7,"special care","large","Training"
19,2,192,756,43,"Female",10,6,"special care","large","Training"
19,3,193,757,45,"Male",15,7,"general care","large","Ctrl"
19,3,193,758,38,"Female",17,5,"general care","large","Ctrl"
19,3,193,759,46,"Female",13,6,"general care","large","Ctrl"
19,3,193,760,46,"Female",18,6,"general care","large","Ctrl"
19,3,193,761,41,"Female",21,6,"general care","large","Ctrl"
19,3,193,762,45,"Female",17,6,"general care","large","Ctrl"
19,3,193,763,37,"Male",22,6,"general care","large","Ctrl"
19,3,193,764,53,"Female",27,6,"general care","large","Ctrl"
19,3,193,765,39,"Female",14,6,"general care","large","Ctrl"
19,3,193,766,51,"Female",20,5,"general care","large","Ctrl"
19,4,194,767,32,"Female",11,6,"special care","large","Ctrl"
19,4,194,768,25,"Female",11,5,"special care","large","Ctrl"
19,4,194,769,23,"Male",8,6,"special care","large","Ctrl"
19,4,194,770,41,"Female",15,6,"special care","large","Ctrl"
19,4,194,771,55,"Male",24,6,"special care","large","Ctrl"
19,4,194,772,24,"Male",14,6,"special care","large","Ctrl"
19,4,194,773,55,"Female",20,5,"special care","large","Ctrl"
19,4,194,774,50,"Female",18,5,"special care","large","Ctrl"
19,4,194,775,62,"Female",24,6,"special care","large","Ctrl"
19,4,194,776,46,"Male",17,6,"special care","large","Ctrl"
20,1,201,777,48,"Male",20,4,"general care","small","Training"
20,1,201,778,53,"Female",18,4,"general care","small","Training"
20,1,201,779,56,"Male",28,4,"general care","small","Training"
20,1,201,780,46,"Female",24,4,"general care","small","Training"
20,1,201,781,56,"Male",21,4,"general care","small","Training"
20,1,201,782,29,"Female",17,4,"general care","small","Training"
20,1,201,783,36,"Female",8,4,"general care","small","Training"
20,1,201,784,31,"Male",10,4,"general care","small","Training"
20,1,201,785,53,"Female",27,4,"general care","small","Training"
20,1,201,786,52,"Female",20,4,"general care","small","Training"
20,2,202,787,47,"Female",25,4,"special care","small","Training"
20,2,202,788,56,"Female",22,4,"special care","small","Training"
20,2,202,789,25,"Female",7,4,"special care","small","Training"
20,2,202,790,56,"Male",25,5,"special care","small","Training"
20,2,202,791,61,"Female",20,5,"special care","small","Training"
20,2,202,792,64,"Male",24,5,"special care","small","Training"
20,2,202,793,41,"Female",20,5,"special care","small","Training"
20,2,202,794,56,"Female",21,4,"special care","small","Training"
20,2,202,795,37,"Female",17,4,"special care","small","Training"
20,2,202,796,36,"Female",15,4,"special care","small","Training"
20,3,203,797,41,"Male",15,7,"general care","small","Ctrl"
20,3,203,798,25,"Female",3,7,"general care","small","Ctrl"
20,3,203,799,62,"Female",32,6,"general care","small","Ctrl"
20,3,203,800,27,"Female",10,6,"general care","small","Ctrl"
20,3,203,801,29,"Male",15,6,"general care","small","Ctrl"
20,3,203,802,36,"Male",15,7,"general care","small","Ctrl"
20,3,203,803,58,"Female",22,6,"general care","small","Ctrl"
20,3,203,804,46,"Female",13,7,"general care","small","Ctrl"
20,3,203,805,37,"Female",14,6,"general care","small","Ctrl"
20,3,203,806,32,"Female",15,6,"general care","small","Ctrl"
20,4,204,807,64,"Female",27,6,"special care","small","Ctrl"
20,4,204,808,52,"Female",24,6,"special care","small","Ctrl"
20,4,204,809,31,"Male",8,7,"special care","small","Ctrl"
20,4,204,810,52,"Male",17,7,"special care","small","Ctrl"
20,4,204,811,47,"Female",21,6,"special care","small","Ctrl"
20,4,204,812,39,"Male",17,6,"special care","small","Ctrl"
20,4,204,813,45,"Male",15,7,"special care","small","Ctrl"
20,4,204,814,53,"Female",17,6,"special care","small","Ctrl"
20,4,204,815,51,"Female",21,6,"special care","small","Ctrl"
20,4,204,816,50,"Female",28,5,"special care","small","Ctrl"
21,1,211,817,34,"Male",14,3,"general care","small","Training"
21,1,211,818,48,"Female",18,3,"general care","small","Training"
21,1,211,819,32,"Female",8,3,"general care","small","Training"
21,1,211,820,38,"Female",17,2,"general care","small","Training"
21,1,211,821,34,"Male",15,3,"general care","small","Training"
21,1,211,822,62,"Female",29,2,"general care","small","Training"
21,1,211,823,31,"Female",14,2,"general care","small","Training"
21,1,211,824,50,"Female",20,2,"general care","small","Training"
21,1,211,825,47,"Female",15,3,"general care","small","Training"
21,1,211,826,27,"Male",10,3,"general care","small","Training"
21,2,212,827,61,"Female",18,3,"special care","small","Training"
21,2,212,828,48,"Female",25,2,"special care","small","Training"
21,2,212,829,64,"Female",24,3,"special care","small","Training"
21,2,212,830,28,"Female",13,4,"special care","small","Training"
21,2,212,831,36,"Female",8,4,"special care","small","Training"
21,2,212,832,51,"Female",21,4,"special care","small","Training"
21,2,212,833,55,"Female",22,3,"special care","small","Training"
21,2,212,834,31,"Female",17,3,"special care","small","Training"
21,2,212,835,28,"Female",6,3,"special care","small","Training"
21,2,212,836,33,"Male",4,4,"special care","small","Training"
21,3,213,837,38,"Female",18,5,"general care","small","Ctrl"
21,3,213,838,45,"Female",21,4,"general care","small","Ctrl"
21,3,213,839,28,"Male",10,6,"general care","small","Ctrl"
21,3,213,840,38,"Female",18,4,"general care","small","Ctrl"
21,3,213,841,46,"Male",22,4,"general care","small","Ctrl"
21,3,213,842,57,"Female",25,4,"general care","small","Ctrl"
21,3,213,843,42,"Female",20,4,"general care","small","Ctrl"
21,3,213,844,31,"Male",13,5,"general care","small","Ctrl"
21,3,213,845,37,"Female",14,5,"general care","small","Ctrl"
21,3,213,846,57,"Male",22,5,"general care","small","Ctrl"
21,4,214,847,42,"Female",22,3,"special care","small","Ctrl"
21,4,214,848,42,"Male",14,5,"special care","small","Ctrl"
21,4,214,849,60,"Female",24,5,"special care","small","Ctrl"
21,4,214,850,33,"Female",18,5,"special care","small","Ctrl"
21,4,214,851,48,"Female",18,5,"special care","small","Ctrl"
21,4,214,852,24,"Female",11,4,"special care","small","Ctrl"
21,4,214,853,37,"Male",17,5,"special care","small","Ctrl"
21,4,214,854,37,"Female",13,5,"special care","small","Ctrl"
21,4,214,855,28,"Female",8,4,"special care","small","Ctrl"
21,4,214,856,34,"Female",15,5,"special care","small","Ctrl"
22,1,221,857,33,"Male",14,6,"general care","medium","Training"
22,1,221,858,50,"Male",24,6,"general care","medium","Training"
22,1,221,859,31,"Female",14,5,"general care","medium","Training"
22,1,221,860,29,"Female",15,6,"general care","medium","Training"
22,1,221,861,61,"Female",24,6,"general care","medium","Training"
22,1,221,862,58,"Female",24,5,"general care","medium","Training"
22,1,221,863,48,"Female",17,5,"general care","medium","Training"
22,1,221,864,25,"Female",11,6,"general care","medium","Training"
22,1,221,865,34,"Female",17,5,"general care","medium","Training"
22,2,222,866,27,"Female",10,5,"special care","medium","Training"
22,2,222,867,23,"Female",6,5,"special care","medium","Training"
22,2,222,868,58,"Female",21,6,"special care","medium","Training"
22,2,222,869,48,"Female",21,5,"special care","medium","Training"
22,2,222,870,50,"Female",18,6,"special care","medium","Training"
22,2,222,871,45,"Male",15,5,"special care","medium","Training"
22,2,222,872,51,"Female",18,5,"special care","medium","Training"
22,2,222,873,53,"Male",27,5,"special care","medium","Training"
22,2,222,874,25,"Female",13,5,"special care","medium","Training"
22,3,223,875,50,"Male",24,5,"general care","medium","Ctrl"
22,3,223,876,29,"Male",11,6,"general care","medium","Ctrl"
22,3,223,877,64,"Male",27,5,"general care","medium","Ctrl"
22,3,223,878,36,"Female",13,6,"general care","medium","Ctrl"
22,3,223,879,56,"Female",28,4,"general care","medium","Ctrl"
22,3,223,880,34,"Male",18,6,"general care","medium","Ctrl"
22,3,223,881,61,"Female",28,5,"general care","medium","Ctrl"
22,3,223,882,34,"Male",15,5,"general care","medium","Ctrl"
22,3,223,883,58,"Male",29,5,"general care","medium","Ctrl"
22,4,224,884,60,"Female",22,6,"special care","medium","Ctrl"
22,4,224,885,39,"Female",20,5,"special care","medium","Ctrl"
22,4,224,886,24,"Female",13,5,"special care","medium","Ctrl"
22,4,224,887,34,"Female",14,5,"special care","medium","Ctrl"
22,4,224,888,48,"Female",22,5,"special care","medium","Ctrl"
22,4,224,889,28,"Male",13,6,"special care","medium","Ctrl"
22,4,224,890,34,"Female",10,6,"special care","medium","Ctrl"
22,4,224,891,42,"Male",18,6,"special care","medium","Ctrl"
22,4,224,892,46,"Female",15,6,"special care","medium","Ctrl"
23,1,231,893,38,"Female",15,6,"general care","large","Training"
23,1,231,894,31,"Male",11,7,"general care","large","Training"
23,1,231,895,24,"Female",8,6,"general care","large","Training"
23,1,231,896,56,"Male",27,7,"general care","large","Training"
23,1,231,897,23,"Female",6,7,"general care","large","Training"
23,1,231,898,50,"Male",20,7,"general care","large","Training"
23,1,231,899,27,"Female",6,7,"general care","large","Training"
23,1,231,900,60,"Male",18,7,"general care","large","Training"
23,1,231,901,23,"Female",7,6,"general care","large","Training"
23,2,232,902,25,"Female",7,6,"special care","large","Training"
23,2,232,903,24,"Female",11,5,"special care","large","Training"
23,2,232,904,37,"Male",15,6,"special care","large","Training"
23,2,232,905,56,"Female",18,6,"special care","large","Training"
23,2,232,906,42,"Female",17,5,"special care","large","Training"
23,2,232,907,39,"Male",17,6,"special care","large","Training"
23,2,232,908,29,"Male",18,6,"special care","large","Training"
23,2,232,909,64,"Female",28,5,"special care","large","Training"
23,2,232,910,50,"Female",20,6,"special care","large","Training"
23,3,233,911,36,"Female",13,6,"general care","large","Ctrl"
23,3,233,912,46,"Male",20,6,"general care","large","Ctrl"
23,3,233,913,56,"Female",20,6,"general care","large","Ctrl"
23,3,233,914,31,"Male",13,6,"general care","large","Ctrl"
23,3,233,915,56,"Female",27,5,"general care","large","Ctrl"
23,3,233,916,64,"Male",38,5,"general care","large","Ctrl"
23,3,233,917,47,"Male",24,6,"general care","large","Ctrl"
23,3,233,918,32,"Female",13,6,"general care","large","Ctrl"
23,3,233,919,41,"Female",15,6,"general care","large","Ctrl"
23,4,234,920,41,"Female",13,5,"special care","large","Ctrl"
23,4,234,921,34,"Male",14,5,"special care","large","Ctrl"
23,4,234,922,37,"Female",13,5,"special care","large","Ctrl"
23,4,234,923,48,"Female",20,5,"special care","large","Ctrl"
23,4,234,924,62,"Male",25,6,"special care","large","Ctrl"
23,4,234,925,38,"Female",11,5,"special care","large","Ctrl"
23,4,234,926,24,"Female",14,5,"special care","large","Ctrl"
23,4,234,927,25,"Female",1,5,"special care","large","Ctrl"
23,4,234,928,36,"Female",20,4,"special care","large","Ctrl"
24,1,241,929,23,"Female",15,4,"general care","small","Training"
24,1,241,930,24,"Female",6,4,"general care","small","Training"
24,1,241,931,60,"Female",20,4,"general care","small","Training"
24,1,241,932,41,"Female",20,3,"general care","small","Training"
24,1,241,933,28,"Female",10,4,"general care","small","Training"
24,1,241,934,58,"Male",24,4,"general care","small","Training"
24,1,241,935,24,"Female",8,4,"general care","small","Training"
24,1,241,936,34,"Female",13,4,"general care","small","Training"
24,1,241,937,33,"Female",20,3,"general care","small","Training"
24,2,242,938,55,"Female",24,5,"special care","small","Training"
24,2,242,939,43,"Male",20,5,"special care","small","Training"
24,2,242,940,57,"Male",21,6,"special care","small","Training"
24,2,242,941,31,"Female",11,5,"special care","small","Training"
24,2,242,942,23,"Male",7,5,"special care","small","Training"
24,2,242,943,37,"Female",17,5,"special care","small","Training"
24,2,242,944,55,"Male",25,5,"special care","small","Training"
24,2,242,945,58,"Female",22,5,"special care","small","Training"
24,2,242,946,55,"Male",24,6,"special care","small","Training"
24,3,243,947,47,"Male",15,6,"general care","small","Ctrl"
24,3,243,948,47,"Female",7,6,"general care","small","Ctrl"
24,3,243,949,28,"Female",10,6,"general care","small","Ctrl"
24,3,243,950,33,"Female",10,6,"general care","small","Ctrl"
24,3,243,951,32,"Male",17,6,"general care","small","Ctrl"
24,3,243,952,52,"Female",21,6,"general care","small","Ctrl"
24,3,243,953,34,"Female",10,6,"general care","small","Ctrl"
24,3,243,954,56,"Male",21,6,"general care","small","Ctrl"
24,3,243,955,42,"Female",18,6,"general care","small","Ctrl"
24,4,244,956,29,"Female",18,5,"special care","small","Ctrl"
24,4,244,957,28,"Female",14,6,"special care","small","Ctrl"
24,4,244,958,55,"Female",20,6,"special care","small","Ctrl"
24,4,244,959,37,"Female",15,5,"special care","small","Ctrl"
24,4,244,960,47,"Female",17,6,"special care","small","Ctrl"
24,4,244,961,48,"Female",18,6,"special care","small","Ctrl"
24,4,244,962,31,"Female",15,5,"special care","small","Ctrl"
24,4,244,963,25,"Female",8,6,"special care","small","Ctrl"
24,4,244,964,47,"Female",18,6,"special care","small","Ctrl"
25,1,251,965,51,"Female",21,5,"general care","medium","Training"
25,1,251,966,34,"Male",10,6,"general care","medium","Training"
25,1,251,967,62,"Female",27,5,"general care","medium","Training"
25,1,251,968,39,"Male",14,6,"general care","medium","Training"
25,1,251,969,46,"Female",17,5,"general care","medium","Training"
25,1,251,970,38,"Female",18,6,"general care","medium","Training"
25,1,251,971,36,"Female",13,5,"general care","medium","Training"
25,1,251,972,25,"Female",10,6,"general care","medium","Training"
25,1,251,973,42,"Female",14,5,"general care","medium","Training"
25,2,252,974,36,"Male",11,5,"special care","medium","Training"
25,2,252,975,32,"Male",15,5,"special care","medium","Training"
25,2,252,976,42,"Female",15,6,"special care","medium","Training"
25,2,252,977,36,"Female",15,6,"special care","medium","Training"
25,2,252,978,51,"Female",21,5,"special care","medium","Training"
25,2,252,979,52,"Female",22,5,"special care","medium","Training"
25,2,252,980,31,"Male",6,7,"special care","medium","Training"
25,2,252,981,25,"Male",14,5,"special care","medium","Training"
25,2,252,982,41,"Female",20,5,"special care","medium","Training"
25,3,253,983,29,"Female",17,5,"general care","medium","Ctrl"
25,3,253,984,23,"Female",8,6,"general care","medium","Ctrl"
25,3,253,985,23,"Male",15,6,"general care","medium","Ctrl"
25,3,253,986,38,"Female",17,5,"general care","medium","Ctrl"
25,3,253,987,28,"Male",8,6,"general care","medium","Ctrl"
25,3,253,988,62,"Male",25,6,"general care","medium","Ctrl"
25,3,253,989,45,"Female",15,6,"general care","medium","Ctrl"
25,3,253,990,60,"Male",21,7,"general care","medium","Ctrl"
25,3,253,991,34,"Female",7,6,"general care","medium","Ctrl"
25,4,254,992,41,"Female",15,6,"special care","medium","Ctrl"
25,4,254,993,27,"Female",11,5,"special care","medium","Ctrl"
25,4,254,994,39,"Male",15,7,"special care","medium","Ctrl"
25,4,254,995,33,"Female",8,6,"special care","medium","Ctrl"
25,4,254,996,56,"Female",14,6,"special care","medium","Ctrl"
25,4,254,997,29,"Female",10,6,"special care","medium","Ctrl"
25,4,254,998,32,"Male",11,6,"special care","medium","Ctrl"
25,4,254,999,34,"Male",14,6,"special care","medium","Ctrl"
25,4,254,1000,58,"Female",22,6,"special care","medium","Ctrl"
